cert,fail_date
26748,1999-12-10
27415,1999-11-22
18147,1999-09-10
6771,1999-09-01
25272,1999-07-09
32491,1999-07-09
13300,1999-04-23
17200,1999-03-26
2174,1998-08-07
91189,1998-07-23
14758,1998-04-09
18338,1997-11-21
27072,1996-08-16
29236,1996-08-09
26431,1996-07-12
3382,1996-06-14
18662,1996-05-31
27525,1996-03-08
23319,1995-07-28
26187,1995-07-28
23751,1995-05-19
29781,1995-05-05
31899,1995-04-28
33190,1995-03-31
3480,1995-03-03
24754,1995-01-20
32374,1994-12-16
90230,1994-10-21
3432,1994-08-26
20637,1994-08-12
22796,1994-07-29
23157,1994-07-29
21922,1994-07-15
23448,1994-07-08
20442,1994-07-07
26909,1994-06-10
31484,1994-06-03
27027,1994-05-19
18332,1994-05-06
25678,1994-04-14
19367,1994-04-01
26374,1993-11-05
22815,1993-10-29
24452,1993-10-21
26995,1993-10-15
8446,1993-10-14
24654,1993-09-24
32229,1993-09-24
27174,1993-09-17
32136,1993-09-10
23135,1993-08-27
18220,1993-08-25
32228,1993-08-13
32728,1993-08-12
5592,1993-07-29
24757,1993-07-22
26488,1993-07-09
26495,1993-07-09
16335,1993-07-02
27268,1993-07-02
3733,1993-07-01
24846,1993-07-01
27307,1993-06-25
21560,1993-06-18
23183,1993-06-18
17963,1993-06-10
29671,1993-06-04
18257,1993-05-21
23796,1993-05-21
32731,1993-05-20
24653,1993-05-06
25055,1993-04-30
14787,1993-04-29
24676,1993-04-15
23581,1993-04-08
19444,1993-04-02
24111,1993-04-02
24564,1993-04-02
27773,1993-04-02
11890,1993-04-01
3295,1993-03-18
32238,1993-03-16
23631,1993-03-04
7135,1993-02-26
5499,1993-02-25
17118,1993-02-05
6290,1993-01-29
29892,1993-01-29
32484,1993-01-29
33186,1993-01-29
24320,1993-01-22
4378,1992-12-18
17428,1992-12-18
15750,1992-12-11
16977,1992-12-11
19725,1992-12-11
25306,1992-12-11
9015,1992-12-10
32244,1992-12-08
18245,1992-12-04
21996,1992-12-04
26440,1992-12-04
30080,1992-12-04
30217,1992-12-04
32339,1992-12-04
15886,1992-11-20
27660,1992-11-20
28394,1992-11-20
29768,1992-11-20
17085,1992-11-13
21199,1992-11-13
22073,1992-11-13
25721,1992-11-13
26656,1992-11-13
30655,1992-11-13
27456,1992-11-06
30159,1992-11-06
1722,1992-10-30
3093,1992-10-30
3120,1992-10-30
3227,1992-10-30
3316,1992-10-30
3318,1992-10-30
3344,1992-10-30
3374,1992-10-30
5506,1992-10-30
5562,1992-10-30
11914,1992-10-30
13702,1992-10-30
15721,1992-10-30
16524,1992-10-30
16560,1992-10-30
17299,1992-10-30
17343,1992-10-30
20029,1992-10-30
21190,1992-10-30
24723,1992-10-30
28218,1992-10-30
31543,1992-10-21
15579,1992-10-16
22689,1992-10-16
31418,1992-10-16
28998,1992-10-09
16146,1992-10-02
22850,1992-10-02
27160,1992-10-02
26844,1992-09-25
27416,1992-09-25
27470,1992-09-24
21181,1992-09-18
90266,1992-09-18
5596,1992-09-10
15979,1992-08-28
18066,1992-08-28
32388,1992-08-28
28078,1992-08-21
90257,1992-08-21
90307,1992-08-14
20396,1992-08-07
32468,1992-08-07
18966,1992-07-31
29418,1992-07-24
26676,1992-07-23
13383,1992-07-17
31931,1992-07-17
32444,1992-07-17
28387,1992-07-10
29724,1992-07-10
30091,1992-07-10
29234,1992-07-06
6251,1992-06-26
25918,1992-06-26
27402,1992-06-26
30285,1992-06-26
25063,1992-06-25
26420,1992-06-25
28250,1992-06-19
29541,1992-06-19
32452,1992-06-19
16017,1992-06-12
16033,1992-06-12
21082,1992-06-12
21997,1992-06-12
29084,1992-06-12
29855,1992-06-12
31452,1992-06-12
27728,1992-06-05
28847,1992-06-05
29595,1992-06-05
32389,1992-06-05
14909,1992-06-04
26895,1992-06-04
28867,1992-06-04
26864,1992-05-29
27570,1992-05-29
27001,1992-05-22
29650,1992-05-21
8158,1992-05-15
26901,1992-05-08
31664,1992-05-08
9380,1992-05-07
24242,1992-05-07
24863,1992-05-07
26613,1992-05-07
32742,1992-05-07
25059,1992-05-04
21315,1992-05-01
23865,1992-04-24
26971,1992-04-24
27002,1992-04-24
27853,1992-04-24
32186,1992-04-24
90170,1992-04-24
29222,1992-04-10
31768,1992-04-10
32639,1992-04-10
20413,1992-04-09
23860,1992-04-09
22414,1992-04-03
26447,1992-04-03
29584,1992-04-03
31453,1992-04-03
27146,1992-03-31
17778,1992-03-27
24633,1992-03-27
30826,1992-03-27
20284,1992-03-26
32762,1992-03-26
23289,1992-03-20
23855,1992-03-20
10668,1992-03-19
23633,1992-03-19
24793,1992-03-19
19801,1992-03-16
15000,1992-03-13
29158,1992-03-13
29530,1992-03-13
24601,1992-03-12
30852,1992-03-12
27092,1992-03-06
23455,1992-02-28
26364,1992-02-28
28588,1992-02-28
30999,1992-02-28
31238,1992-02-28
32383,1992-02-28
25907,1992-02-27
15897,1992-02-21
25882,1992-02-21
27309,1992-02-21
90226,1992-02-14
16377,1992-02-07
27213,1992-02-07
30265,1992-02-07
25146,1992-02-06
26945,1992-01-31
27000,1992-01-31
29518,1992-01-31
30582,1992-01-31
18675,1992-01-30
25878,1992-01-30
7052,1992-01-24
16013,1992-01-24
26468,1992-01-24
32210,1992-01-24
11138,1992-01-23
26954,1992-01-16
18720,1992-01-10
31024,1992-01-10
31231,1992-01-10
32258,1992-01-10
26493,1992-01-03
21113,1991-12-20
2599,1991-12-13
17048,1991-12-13
26241,1991-12-13
27151,1991-12-13
31724,1991-12-13
26585,1991-12-12
25128,1991-12-06
24660,1991-12-04
26274,1991-11-26
28295,1991-11-22
28446,1991-11-22
30324,1991-11-22
30665,1991-11-22
16927,1991-11-15
12124,1991-11-14
18239,1991-11-14
25898,1991-11-14
32143,1991-11-08
32543,1991-11-08
19519,1991-11-07
30027,1991-11-01
15514,1991-10-31
22824,1991-10-30
26695,1991-10-29
10413,1991-10-25
18317,1991-10-25
26561,1991-10-25
25837,1991-10-24
17822,1991-10-18
24565,1991-10-18
27373,1991-10-18
29342,1991-10-16
32615,1991-10-16
32090,1991-10-13
17189,1991-10-11
28763,1991-10-11
29191,1991-10-11
31990,1991-10-11
11486,1991-10-10
15952,1991-10-10
17178,1991-10-10
17237,1991-10-10
17879,1991-10-10
26700,1991-10-10
27287,1991-10-10
28946,1991-10-10
20027,1991-10-03
26815,1991-10-03
11259,1991-10-02
26843,1991-09-27
27633,1991-09-27
27867,1991-09-27
27962,1991-09-27
28742,1991-09-27
29092,1991-09-27
29460,1991-09-27
29563,1991-09-27
32400,1991-09-27
24502,1991-09-20
26946,1991-09-20
3575,1991-09-19
16944,1991-09-19
28889,1991-09-19
19591,1991-09-16
26924,1991-09-13
28177,1991-09-13
32224,1991-09-13
18242,1991-09-06
23679,1991-09-06
29411,1991-09-06
32023,1991-09-06
32454,1991-09-06
26273,1991-08-30
26792,1991-08-30
27862,1991-08-30
30961,1991-08-30
31588,1991-08-30
90228,1991-08-30
5519,1991-08-29
14804,1991-08-29
27657,1991-08-23
27693,1991-08-23
27842,1991-08-23
14421,1991-08-22
15379,1991-08-22
22016,1991-08-16
27463,1991-08-16
32249,1991-08-16
32252,1991-08-16
2531,1991-08-09
18256,1991-08-09
21605,1991-08-09
22908,1991-08-09
28041,1991-08-09
28587,1991-08-09
29041,1991-08-09
27618,1991-08-02
32438,1991-08-02
22325,1991-07-26
27157,1991-07-26
29498,1991-07-26
32301,1991-07-26
3283,1991-07-25
20960,1991-07-19
26331,1991-07-19
30010,1991-07-19
30545,1991-07-19
32494,1991-07-19
23882,1991-07-12
25592,1991-07-12
27825,1991-07-12
29295,1991-07-12
31800,1991-07-12
32223,1991-07-12
32566,1991-07-09
17795,1991-06-28
28786,1991-06-28
30758,1991-06-28
26659,1991-06-21
32179,1991-06-21
30538,1991-06-14
31276,1991-06-14
17681,1991-06-13
19012,1991-06-13
23039,1991-06-13
27274,1991-06-13
28161,1991-06-07
90310,1991-06-07
25142,1991-06-06
10544,1991-05-31
15963,1991-05-31
28019,1991-05-31
31168,1991-05-31
31274,1991-05-31
31363,1991-05-31
32126,1991-05-31
32592,1991-05-31
20753,1991-05-24
27380,1991-05-24
31436,1991-05-24
16544,1991-05-23
29202,1991-05-23
6499,1991-05-22
15404,1991-05-17
22504,1991-05-17
29002,1991-05-17
29795,1991-05-17
19935,1991-05-16
27131,1991-05-16
18960,1991-05-10
20210,1991-05-10
27418,1991-05-10
28265,1991-05-10
28523,1991-05-10
28885,1991-05-10
30782,1991-05-10
31552,1991-05-10
32100,1991-05-10
32537,1991-05-10
3397,1991-05-09
8441,1991-05-09
18709,1991-05-09
25736,1991-05-09
26791,1991-05-03
28975,1991-05-03
30370,1991-05-03
30413,1991-05-03
30686,1991-05-03
31179,1991-05-03
32412,1991-05-03
23217,1991-04-26
29588,1991-04-26
29819,1991-04-26
32202,1991-04-26
32380,1991-04-26
32598,1991-04-26
32605,1991-04-26
29844,1991-04-19
30392,1991-04-19
31914,1991-04-19
32596,1991-04-19
32603,1991-04-19
25120,1991-04-18
23487,1991-04-12
27315,1991-04-12
32054,1991-04-12
18723,1991-04-11
19612,1991-04-05
28347,1991-04-05
29417,1991-04-05
30361,1991-04-05
31270,1991-04-05
11576,1991-04-04
22487,1991-03-29
24043,1991-03-29
25817,1991-03-28
32095,1991-03-27
28512,1991-03-22
28605,1991-03-22
29287,1991-03-22
30940,1991-03-22
31648,1991-03-22
32175,1991-03-22
32563,1991-03-22
10331,1991-03-21
11185,1991-03-21
27003,1991-03-15
28683,1991-03-15
28791,1991-03-15
29083,1991-03-15
29716,1991-03-15
32514,1991-03-15
18844,1991-03-14
26557,1991-03-14
24588,1991-03-08
24831,1991-03-08
25145,1991-03-08
28827,1991-03-08
29019,1991-03-08
29036,1991-03-08
30139,1991-03-08
30960,1991-03-08
31454,1991-03-08
32340,1991-03-08
29643,1991-03-01
32235,1991-03-01
17806,1991-02-28
27170,1991-02-22
29015,1991-02-22
31206,1991-02-22
21985,1991-02-21
29370,1991-02-20
5594,1991-02-14
16965,1991-02-14
28150,1991-02-08
29585,1991-02-08
29946,1991-02-08
31719,1991-02-08
32114,1991-02-08
17850,1991-02-07
22080,1991-02-07
11272,1991-02-01
17721,1991-02-01
29422,1991-02-01
31654,1991-02-01
31859,1991-02-01
20579,1991-01-31
25815,1991-01-31
16428,1991-01-29
24568,1991-01-25
30169,1991-01-25
31062,1991-01-25
31703,1991-01-25
32523,1991-01-25
23461,1991-01-24
23221,1991-01-22
30138,1991-01-18
32332,1991-01-18
26302,1991-01-11
28292,1991-01-11
31560,1991-01-11
32134,1991-01-11
2545,1991-01-06
2560,1991-01-06
4275,1991-01-06
28634,1991-01-04
28767,1991-01-04
29161,1991-01-04
29638,1991-01-04
30888,1991-01-04
19572,1990-12-28
28287,1990-12-28
29116,1990-12-28
29415,1990-12-27
32145,1990-12-21
28783,1990-12-15
9019,1990-12-14
23074,1990-12-14
23104,1990-12-14
25125,1990-12-14
28143,1990-12-14
28473,1990-12-14
28809,1990-12-14
29457,1990-12-14
30645,1990-12-14
31126,1990-12-14
31137,1990-12-14
9469,1990-12-13
11558,1990-12-13
26835,1990-12-13
90201,1990-12-12
21631,1990-12-07
24105,1990-12-07
27700,1990-12-07
29827,1990-12-07
29958,1990-12-07
31053,1990-12-07
26383,1990-12-06
22690,1990-11-30
28821,1990-11-30
29003,1990-11-30
29466,1990-11-30
30122,1990-11-30
31058,1990-11-30
31616,1990-11-30
31827,1990-11-30
1204,1990-11-29
18851,1990-11-29
29207,1990-11-16
32184,1990-11-16
32344,1990-11-16
21518,1990-11-15
30223,1990-11-15
19316,1990-11-09
28608,1990-11-09
32234,1990-11-09
32479,1990-11-09
25763,1990-11-02
28719,1990-11-02
30593,1990-11-02
30984,1990-11-02
25180,1990-11-01
13245,1990-10-26
32177,1990-10-26
32403,1990-10-26
4976,1990-10-25
28464,1990-10-23
18236,1990-10-19
20863,1990-10-19
22064,1990-10-19
31518,1990-10-19
32255,1990-10-19
32064,1990-10-12
26225,1990-10-11
11789,1990-10-05
21619,1990-10-05
24301,1990-10-04
26475,1990-09-27
27042,1990-09-27
28366,1990-09-21
28586,1990-09-21
29315,1990-09-21
31080,1990-09-21
32274,1990-09-21
10714,1990-09-20
14609,1990-09-20
26654,1990-09-20
22642,1990-09-14
26373,1990-09-14
32590,1990-09-14
22505,1990-09-13
24295,1990-09-13
25872,1990-09-13
26686,1990-09-13
4178,1990-09-12
27667,1990-09-07
31887,1990-09-07
16219,1990-09-06
29118,1990-08-31
29493,1990-08-31
32070,1990-08-31
32181,1990-08-31
3299,1990-08-30
10350,1990-08-30
23402,1990-08-30
24293,1990-08-30
25301,1990-08-30
26776,1990-08-30
26953,1990-08-30
29371,1990-08-24
29603,1990-08-24
32220,1990-08-24
29499,1990-08-22
29297,1990-08-17
32371,1990-08-17
17240,1990-08-16
18290,1990-08-16
26609,1990-08-16
2092,1990-08-10
20816,1990-08-10
29826,1990-08-10
30893,1990-08-10
18623,1990-08-09
30312,1990-08-03
31851,1990-08-03
31956,1990-08-03
16392,1990-08-02
18250,1990-08-02
31444,1990-07-31
25229,1990-07-27
27788,1990-07-27
30843,1990-07-27
32239,1990-07-27
32578,1990-07-27
15740,1990-07-26
18787,1990-07-26
24410,1990-07-26
25605,1990-07-26
29865,1990-07-20
30140,1990-07-20
31269,1990-07-20
32208,1990-07-20
22583,1990-07-13
28023,1990-07-13
28787,1990-07-13
29023,1990-07-13
29240,1990-07-13
15274,1990-07-12
26387,1990-07-12
22062,1990-07-06
31957,1990-07-06
90242,1990-07-06
32037,1990-07-05
22320,1990-06-29
22409,1990-06-29
27632,1990-06-29
28044,1990-06-29
31640,1990-06-29
32168,1990-06-29
32214,1990-06-29
5566,1990-06-28
23336,1990-06-28
23887,1990-06-28
25874,1990-06-28
26180,1990-06-28
30353,1990-06-22
31817,1990-06-22
24864,1990-06-21
24982,1990-06-21
25089,1990-06-21
26711,1990-06-21
22852,1990-06-18
24683,1990-06-15
27617,1990-06-15
27890,1990-06-15
31843,1990-06-15
31924,1990-06-15
3012,1990-06-14
21187,1990-06-14
21476,1990-06-14
24349,1990-06-14
24652,1990-06-14
23795,1990-06-08
28716,1990-06-08
30390,1990-06-08
30770,1990-06-08
20240,1990-06-07
24496,1990-06-07
24724,1990-06-07
25300,1990-06-07
2614,1990-06-01
3410,1990-06-01
5512,1990-06-01
5524,1990-06-01
15488,1990-06-01
19185,1990-06-01
19307,1990-06-01
20276,1990-06-01
22404,1990-06-01
22685,1990-06-01
28419,1990-06-01
28848,1990-06-01
31671,1990-06-01
32315,1990-06-01
32323,1990-06-01
1193,1990-05-31
23499,1990-05-31
25909,1990-05-31
27980,1990-05-25
29324,1990-05-25
31078,1990-05-25
31726,1990-05-25
31938,1990-05-25
32056,1990-05-25
11456,1990-05-24
15366,1990-05-24
24896,1990-05-24
25100,1990-05-24
26862,1990-05-18
28811,1990-05-18
28944,1990-05-18
29130,1990-05-18
30432,1990-05-18
30592,1990-05-18
3216,1990-05-17
5547,1990-05-17
30147,1990-05-15
29182,1990-05-11
31134,1990-05-11
31508,1990-05-11
32576,1990-05-11
16108,1990-05-10
19026,1990-05-10
23527,1990-05-10
23699,1990-05-10
25052,1990-05-09
32411,1990-05-08
25138,1990-05-04
28257,1990-05-04
28526,1990-05-04
30130,1990-05-04
31433,1990-05-04
31982,1990-05-04
21812,1990-05-03
22262,1990-05-03
28666,1990-04-27
29581,1990-04-27
18721,1990-04-26
23002,1990-04-26
24666,1990-04-26
25666,1990-04-26
25831,1990-04-20
28307,1990-04-20
30301,1990-04-20
30305,1990-04-20
31897,1990-04-20
32187,1990-04-20
32253,1990-04-20
15051,1990-04-19
17952,1990-04-19
18110,1990-04-19
22147,1990-04-19
24915,1990-04-19
24941,1990-04-19
16070,1990-04-18
15869,1990-04-12
31233,1990-04-12
31271,1990-04-12
18793,1990-04-05
25780,1990-04-05
27839,1990-04-05
18840,1990-03-30
26469,1990-03-30
3071,1990-03-29
24014,1990-03-29
26648,1990-03-29
5507,1990-03-22
17665,1990-03-22
19602,1990-03-22
22829,1990-03-22
26353,1990-03-22
29122,1990-03-16
29137,1990-03-16
29403,1990-03-16
30194,1990-03-16
31455,1990-03-16
31547,1990-03-16
31828,1990-03-16
32097,1990-03-16
32330,1990-03-16
9880,1990-03-15
23065,1990-03-15
25649,1990-03-15
21630,1990-03-09
28697,1990-03-09
30267,1990-03-09
30398,1990-03-09
30795,1990-03-09
31873,1990-03-09
31965,1990-03-09
16457,1990-03-08
18647,1990-03-08
22405,1990-03-08
30697,1990-03-02
30752,1990-03-02
31174,1990-03-02
31744,1990-03-02
32588,1990-03-02
5516,1990-03-01
24075,1990-03-01
26608,1990-03-01
20150,1990-02-23
24752,1990-02-23
27739,1990-02-23
28176,1990-02-23
28311,1990-02-23
28488,1990-02-23
28517,1990-02-23
29451,1990-02-23
30510,1990-02-23
30854,1990-02-23
31073,1990-02-23
31273,1990-02-23
31660,1990-02-23
31801,1990-02-23
8949,1990-02-22
28220,1990-02-21
27850,1990-02-16
28247,1990-02-16
28829,1990-02-16
28911,1990-02-16
29318,1990-02-16
30311,1990-02-16
31320,1990-02-16
32101,1990-02-16
21436,1990-02-15
23452,1990-02-15
26667,1990-02-15
28205,1990-02-09
29127,1990-02-09
29728,1990-02-09
29840,1990-02-09
32094,1990-02-09
32515,1990-02-09
4237,1990-02-08
16816,1990-02-02
26429,1990-02-02
27915,1990-02-02
29000,1990-02-02
29470,1990-02-02
30803,1990-02-02
32261,1990-02-02
24393,1990-02-01
31400,1990-01-31
3164,1990-01-26
16036,1990-01-26
19273,1990-01-26
24937,1990-01-26
28929,1990-01-26
30309,1990-01-26
31710,1990-01-26
31991,1990-01-26
32003,1990-01-26
32089,1990-01-26
1215,1990-01-25
30321,1990-01-24
27765,1990-01-18
28830,1990-01-18
29465,1990-01-18
30677,1990-01-18
30855,1990-01-18
31052,1990-01-18
31213,1990-01-18
31310,1990-01-18
31463,1990-01-18
26252,1990-01-11
28154,1990-01-11
28340,1990-01-11
28863,1990-01-11
28884,1990-01-11
28928,1990-01-11
28940,1990-01-11
29803,1990-01-11
31944,1990-01-11
32122,1990-01-11
32191,1990-01-11
32342,1990-01-11
5517,1990-01-04
27920,1990-01-04
30034,1990-01-04
30995,1990-01-04
31904,1990-01-04
31911,1989-12-21
32390,1989-12-21
23419,1989-12-20
26814,1989-12-20
18002,1989-12-15
17861,1989-12-14
19492,1989-12-14
20918,1989-12-14
29444,1989-12-14
30675,1989-12-14
31830,1989-12-14
4192,1989-12-13
24901,1989-12-13
21514,1989-12-08
24623,1989-12-08
28223,1989-12-08
28406,1989-12-08
20485,1989-12-07
22593,1989-12-07
25166,1989-12-07
25674,1989-12-07
26464,1989-12-07
29516,1989-12-07
30624,1989-12-07
31714,1989-12-07
354,1989-12-01
19664,1989-12-01
25676,1989-11-30
26433,1989-11-30
29060,1989-11-30
29436,1989-11-30
31599,1989-11-30
31601,1989-11-30
31974,1989-11-30
32133,1989-11-30
32283,1989-11-30
23763,1989-11-17
21026,1989-11-16
25171,1989-11-16
27616,1989-11-16
28649,1989-11-16
28987,1989-11-16
30982,1989-11-16
32030,1989-11-16
15080,1989-11-09
19114,1989-11-09
22530,1989-11-09
23475,1989-11-09
27821,1989-11-09
30190,1989-11-09
30909,1989-11-09
31655,1989-11-09
32162,1989-11-09
11786,1989-11-02
32281,1989-11-02
22897,1989-10-26
24704,1989-10-26
28690,1989-10-26
1187,1989-10-20
3123,1989-10-20
5498,1989-10-20
24302,1989-10-20
25782,1989-10-20
20426,1989-10-19
25061,1989-10-19
25698,1989-10-19
28174,1989-10-19
29074,1989-10-19
29183,1989-10-19
31397,1989-10-19
31682,1989-10-19
29870,1989-10-16
29918,1989-10-13
18876,1989-10-12
25751,1989-10-12
21263,1989-10-06
5540,1989-10-05
11787,1989-10-05
23999,1989-10-05
25190,1989-10-05
28550,1989-10-05
32152,1989-10-05
24889,1989-09-28
32507,1989-09-28
16342,1989-09-23
22726,1989-09-21
28187,1989-09-21
28430,1989-09-21
29660,1989-09-21
31398,1989-09-21
21186,1989-09-14
25595,1989-09-14
25731,1989-09-14
26462,1989-09-14
28912,1989-09-14
8805,1989-09-07
25906,1989-09-07
28107,1989-09-07
23943,1989-09-01
9657,1989-08-31
5560,1989-08-24
10417,1989-08-24
12300,1989-08-24
21256,1989-08-24
22967,1989-08-24
26319,1989-08-24
28760,1989-08-24
30628,1989-08-24
11158,1989-08-17
20297,1989-08-17
23536,1989-08-17
29194,1989-08-17
29850,1989-08-17
30452,1989-08-17
30486,1989-08-17
31809,1989-08-17
32001,1989-08-17
27651,1989-08-10
28899,1989-08-10
29076,1989-08-10
27748,1989-08-07
27755,1989-08-07
28237,1989-08-07
29832,1989-08-07
29867,1989-08-07
29868,1989-08-07
31396,1989-08-07
31686,1989-08-07
32091,1989-08-07
25871,1989-08-04
4233,1989-08-03
4623,1989-08-03
22457,1989-08-03
32116,1989-08-01
26722,1989-07-28
11173,1989-07-27
23026,1989-07-27
26182,1989-07-27
28955,1989-07-27
30484,1989-07-27
31630,1989-07-27
31741,1989-07-27
31821,1989-07-27
31824,1989-07-27
31915,1989-07-27
32068,1989-07-27
32497,1989-07-27
1723,1989-07-26
26270,1989-07-21
3172,1989-07-20
3202,1989-07-20
3205,1989-07-20
3331,1989-07-20
13973,1989-07-20
15332,1989-07-20
16209,1989-07-20
16345,1989-07-20
17198,1989-07-20
17421,1989-07-20
18070,1989-07-20
18307,1989-07-20
18372,1989-07-20
18392,1989-07-20
20512,1989-07-20
20722,1989-07-20
20966,1989-07-20
21838,1989-07-20
22234,1989-07-20
22317,1989-07-20
23093,1989-07-20
23175,1989-07-20
23262,1989-07-20
23672,1989-07-20
24365,1989-07-20
25854,1989-07-20
27978,1989-07-20
29428,1989-07-20
31350,1989-07-20
31984,1989-07-20
32076,1989-07-20
32428,1989-07-20
32475,1989-07-20
25813,1989-07-14
16839,1989-07-13
19431,1989-07-13
24741,1989-07-13
27874,1989-07-13
28609,1989-07-13
32154,1989-07-13
32398,1989-07-13
17405,1989-07-05
19069,1989-06-30
21155,1989-06-30
11926,1989-06-29
26969,1989-06-29
28119,1989-06-29
28378,1989-06-29
28581,1989-06-29
29378,1989-06-29
31019,1989-06-29
31326,1989-06-29
32142,1989-06-29
24630,1989-06-22
27924,1989-06-22
29507,1989-06-22
30458,1989-06-22
20681,1989-06-21
21999,1989-06-15
23695,1989-06-15
25308,1989-06-15
28597,1989-06-14
31997,1989-06-14
22612,1989-06-09
23945,1989-06-08
24542,1989-06-08
26547,1989-06-08
28625,1989-06-08
29830,1989-06-08
6012,1989-05-31
23108,1989-05-25
23545,1989-05-24
24595,1989-05-24
24917,1989-05-24
23753,1989-05-19
1220,1989-05-18
3223,1989-05-18
4749,1989-05-18
25218,1989-05-18
26636,1989-05-12
11918,1989-05-11
17436,1989-05-04
24318,1989-05-04
24657,1989-05-04
23735,1989-04-27
25794,1989-04-27
28508,1989-04-27
30262,1989-04-27
30374,1989-04-27
32231,1989-04-27
18462,1989-04-21
17020,1989-04-20
20053,1989-04-20
22099,1989-04-20
29642,1989-04-14
19752,1989-04-13
32108,1989-04-13
22151,1989-04-12
3366,1989-04-06
23389,1989-04-06
27638,1989-04-06
27655,1989-04-06
27663,1989-04-06
27775,1989-04-06
27777,1989-04-06
28228,1989-04-06
29017,1989-04-06
29073,1989-04-06
29408,1989-04-06
29458,1989-04-06
30444,1989-04-06
30518,1989-04-06
30705,1989-04-06
30990,1989-04-06
31252,1989-04-06
31334,1989-04-06
31542,1989-04-06
31691,1989-04-06
31697,1989-04-06
31766,1989-04-06
31831,1989-04-06
31855,1989-04-06
32045,1989-04-06
32048,1989-04-06
32059,1989-04-06
32087,1989-04-06
32132,1989-04-06
32146,1989-04-06
32197,1989-04-06
32225,1989-04-06
32259,1989-04-06
32268,1989-04-06
32278,1989-04-06
32279,1989-04-06
32506,1989-04-06
32528,1989-04-06
32560,1989-04-06
31256,1989-04-05
21973,1989-03-31
25099,1989-03-31
26807,1989-03-31
31392,1989-03-31
31629,1989-03-31
22576,1989-03-30
28071,1989-03-30
28493,1989-03-30
29160,1989-03-30
29306,1989-03-30
29694,1989-03-30
30202,1989-03-30
30613,1989-03-30
31884,1989-03-30
32405,1989-03-30
1191,1989-03-28
3083,1989-03-28
3112,1989-03-28
3154,1989-03-28
3163,1989-03-28
3201,1989-03-28
3309,1989-03-28
3323,1989-03-28
3393,1989-03-28
5509,1989-03-28
5528,1989-03-28
5585,1989-03-28
15342,1989-03-28
16254,1989-03-28
18144,1989-03-28
18571,1989-03-28
18790,1989-03-28
19019,1989-03-28
19456,1989-03-28
23160,1989-03-28
15903,1989-03-23
16131,1989-03-23
21538,1989-03-23
26257,1989-03-17
11893,1989-03-16
15223,1989-03-16
15786,1989-03-16
18183,1989-03-16
21850,1989-03-16
27631,1989-03-16
27681,1989-03-16
27698,1989-03-16
27717,1989-03-16
27762,1989-03-16
27829,1989-03-16
28058,1989-03-16
28707,1989-03-16
29038,1989-03-16
29128,1989-03-16
29267,1989-03-16
29413,1989-03-16
30026,1989-03-16
30561,1989-03-16
30780,1989-03-16
30907,1989-03-16
30935,1989-03-16
31066,1989-03-16
31079,1989-03-16
31096,1989-03-16
31262,1989-03-16
31355,1989-03-16
31402,1989-03-16
31546,1989-03-16
31548,1989-03-16
31706,1989-03-16
31779,1989-03-16
31782,1989-03-16
31791,1989-03-16
31799,1989-03-16
31803,1989-03-16
31825,1989-03-16
31907,1989-03-16
32011,1989-03-16
32035,1989-03-16
32041,1989-03-16
32063,1989-03-16
32081,1989-03-16
32129,1989-03-16
32131,1989-03-16
32160,1989-03-16
32513,1989-03-16
32540,1989-03-16
32544,1989-03-16
32554,1989-03-16
32630,1989-03-16
30622,1989-03-15
23984,1989-03-10
13247,1989-03-09
23590,1989-03-09
25662,1989-03-09
27627,1989-03-09
27702,1989-03-09
27812,1989-03-09
27885,1989-03-09
28131,1989-03-09
28354,1989-03-09
28414,1989-03-09
28775,1989-03-09
28819,1989-03-09
29168,1989-03-09
29204,1989-03-09
29553,1989-03-09
29718,1989-03-09
30204,1989-03-09
30325,1989-03-09
30427,1989-03-09
30761,1989-03-09
30902,1989-03-09
30925,1989-03-09
30937,1989-03-09
31128,1989-03-09
31163,1989-03-09
31290,1989-03-09
31342,1989-03-09
31413,1989-03-09
31417,1989-03-09
31556,1989-03-09
31571,1989-03-09
31582,1989-03-09
31707,1989-03-09
31730,1989-03-09
31767,1989-03-09
31806,1989-03-09
31829,1989-03-09
31866,1989-03-09
31879,1989-03-09
31896,1989-03-09
31909,1989-03-09
31935,1989-03-09
32014,1989-03-09
32020,1989-03-09
32046,1989-03-09
32117,1989-03-09
32557,1989-03-09
32616,1989-03-09
27726,1989-03-02
27864,1989-03-02
28146,1989-03-02
28159,1989-03-02
28410,1989-03-02
28850,1989-03-02
29217,1989-03-02
29264,1989-03-02
29305,1989-03-02
29909,1989-03-02
30672,1989-03-02
30740,1989-03-02
30856,1989-03-02
30924,1989-03-02
31112,1989-03-02
31116,1989-03-02
31132,1989-03-02
31394,1989-03-02
31625,1989-03-02
31653,1989-03-02
31656,1989-03-02
31675,1989-03-02
31765,1989-03-02
31874,1989-03-02
31908,1989-03-02
31917,1989-03-02
31933,1989-03-02
31937,1989-03-02
31968,1989-03-02
31970,1989-03-02
31993,1989-03-02
32019,1989-03-02
32450,1989-03-02
32462,1989-03-02
32553,1989-03-02
32561,1989-03-02
31040,1989-02-28
31478,1989-02-24
31886,1989-02-24
16751,1989-02-17
27845,1989-02-17
27974,1989-02-17
28582,1989-02-17
28698,1989-02-17
28814,1989-02-17
29149,1989-02-17
29383,1989-02-17
29400,1989-02-17
29936,1989-02-17
29965,1989-02-17
30050,1989-02-17
30186,1989-02-17
30522,1989-02-17
30608,1989-02-17
31242,1989-02-17
31399,1989-02-17
31420,1989-02-17
31532,1989-02-17
31614,1989-02-17
31927,1989-02-17
32471,1989-02-17
32535,1989-02-17
32552,1989-02-17
32585,1989-02-17
32621,1989-02-17
13830,1989-02-16
17537,1989-02-16
22078,1989-02-16
25335,1989-02-16
25812,1989-02-16
24359,1989-02-15
30685,1989-02-14
30540,1989-02-13
28553,1989-02-10
28782,1989-02-10
29423,1989-02-10
31095,1989-02-10
31136,1989-02-10
32159,1989-02-10
1178,1989-02-09
17326,1989-02-09
22233,1989-02-09
28503,1989-02-07
28560,1989-02-07
31503,1989-02-07
32549,1989-02-07
18363,1989-02-03
29752,1989-02-03
24562,1989-01-31
24537,1989-01-27
31846,1989-01-27
32024,1989-01-27
17063,1989-01-26
24705,1989-01-26
26205,1989-01-26
12718,1989-01-19
16374,1989-01-19
23350,1989-01-19
31743,1989-01-19
13440,1989-01-12
16837,1989-01-12
17220,1989-01-12
22239,1989-01-12
24297,1989-01-12
24959,1989-01-12
26655,1989-01-12
8139,1989-01-05
30162,1988-12-31
31946,1988-12-31
1259,1988-12-30
28164,1988-12-30
28323,1988-12-30
29251,1988-12-30
29610,1988-12-30
29959,1988-12-30
30228,1988-12-30
30420,1988-12-30
30607,1988-12-30
32492,1988-12-30
28907,1988-12-29
29405,1988-12-29
29808,1988-12-29
30825,1988-12-29
31504,1988-12-29
31562,1988-12-29
31797,1988-12-29
31860,1988-12-29
31979,1988-12-29
32042,1988-12-29
32074,1988-12-29
32272,1988-12-29
32311,1988-12-29
31244,1988-12-28
27653,1988-12-27
28252,1988-12-27
30535,1988-12-27
32564,1988-12-27
29447,1988-12-23
28461,1988-12-22
29077,1988-12-22
29166,1988-12-22
29212,1988-12-22
29219,1988-12-22
29352,1988-12-22
29494,1988-12-22
30648,1988-12-22
31044,1988-12-22
31064,1988-12-22
31333,1988-12-22
31348,1988-12-22
31563,1988-12-22
32299,1988-12-22
19743,1988-12-21
28275,1988-12-17
30666,1988-12-17
15670,1988-12-16
29459,1988-12-16
29556,1988-12-16
31182,1988-12-16
32147,1988-12-16
90047,1988-12-16
16351,1988-12-15
17654,1988-12-15
23777,1988-12-15
24614,1988-12-15
25747,1988-12-15
28891,1988-12-15
29097,1988-12-15
30640,1988-12-15
32125,1988-12-14
30082,1988-12-12
143,1988-12-09
30760,1988-12-09
31889,1988-12-09
2319,1988-12-08
4080,1988-12-08
24664,1988-12-08
19092,1988-12-01
24351,1988-12-01
25188,1988-12-01
25606,1988-12-01
28596,1988-12-01
29181,1988-12-01
29362,1988-12-01
31752,1988-12-01
18554,1988-11-18
31659,1988-11-18
18591,1988-11-17
22871,1988-11-17
24492,1988-11-16
4103,1988-11-10
11783,1988-11-10
22342,1988-11-10
23192,1988-11-10
23979,1988-11-10
32109,1988-11-10
10836,1988-11-04
26220,1988-11-03
28293,1988-11-02
28437,1988-11-01
29971,1988-11-01
20955,1988-10-27
23454,1988-10-27
25121,1988-10-27
28196,1988-10-25
20941,1988-10-20
25855,1988-10-20
27636,1988-10-14
27701,1988-10-14
29319,1988-10-14
29883,1988-10-14
30336,1988-10-14
30576,1988-10-14
30651,1988-10-14
31081,1988-10-14
31842,1988-10-14
31963,1988-10-14
32128,1988-10-14
27999,1988-10-12
29025,1988-10-12
29978,1988-10-12
32189,1988-10-07
25701,1988-10-06
32155,1988-10-06
8040,1988-10-03
8837,1988-09-30
29080,1988-09-30
29746,1988-09-30
30362,1988-09-30
30497,1988-09-30
30945,1988-09-30
31459,1988-09-30
31692,1988-09-30
32264,1988-09-30
8979,1988-09-29
30625,1988-09-26
24400,1988-09-23
31403,1988-09-23
32005,1988-09-23
5998,1988-09-22
9878,1988-09-22
22992,1988-09-22
28118,1988-09-21
31299,1988-09-21
24189,1988-09-16
32072,1988-09-16
22466,1988-09-15
23492,1988-09-15
24762,1988-09-15
24977,1988-09-15
25251,1988-09-15
28957,1988-09-09
30979,1988-09-09
16582,1988-09-08
28559,1988-09-07
28910,1988-09-07
31202,1988-09-06
5798,1988-09-01
12312,1988-09-01
14483,1988-09-01
20087,1988-09-01
20184,1988-09-01
25101,1988-09-01
25699,1988-09-01
28020,1988-09-01
28547,1988-09-01
29779,1988-09-01
30834,1988-09-01
31533,1988-09-01
28245,1988-08-31
28357,1988-08-31
28648,1988-08-31
28661,1988-08-31
28734,1988-08-31
28737,1988-08-31
29013,1988-08-31
29573,1988-08-31
29625,1988-08-31
30146,1988-08-31
31988,1988-08-31
32077,1988-08-31
17163,1988-08-26
27854,1988-08-26
29500,1988-08-26
30200,1988-08-26
30533,1988-08-26
30868,1988-08-26
31295,1988-08-26
31296,1988-08-26
31822,1988-08-26
31881,1988-08-26
22845,1988-08-25
25143,1988-08-25
25760,1988-08-25
497,1988-08-19
28412,1988-08-19
30263,1988-08-19
30773,1988-08-19
31641,1988-08-19
31684,1988-08-19
31892,1988-08-19
18506,1988-08-18
24194,1988-08-18
25811,1988-08-18
28869,1988-08-18
29390,1988-08-18
30520,1988-08-18
30828,1988-08-18
30978,1988-08-18
31580,1988-08-18
31750,1988-08-18
31967,1988-08-18
31985,1988-08-18
32124,1988-08-18
16077,1988-08-11
21508,1988-08-11
25017,1988-08-11
28127,1988-08-11
29050,1988-08-11
29944,1988-08-11
29848,1988-08-10
17439,1988-08-09
13644,1988-08-04
24139,1988-08-03
26723,1988-08-02
28310,1988-08-02
1181,1988-07-29
1188,1988-07-29
1717,1988-07-29
3065,1988-07-29
3084,1988-07-29
3118,1988-07-29
3147,1988-07-29
3153,1988-07-29
3165,1988-07-29
3173,1988-07-29
3189,1988-07-29
3200,1988-07-29
3209,1988-07-29
3234,1988-07-29
3246,1988-07-29
3249,1988-07-29
3262,1988-07-29
3315,1988-07-29
3349,1988-07-29
3354,1988-07-29
3369,1988-07-29
3391,1988-07-29
3408,1988-07-29
5513,1988-07-29
5537,1988-07-29
5563,1988-07-29
5572,1988-07-29
5586,1988-07-29
9018,1988-07-29
13743,1988-07-29
14819,1988-07-29
14950,1988-07-29
15643,1988-07-29
17422,1988-07-29
17492,1988-07-29
18832,1988-07-29
18932,1988-07-29
22118,1988-07-29
22921,1988-07-29
24782,1988-07-29
26315,1988-07-29
28575,1988-07-29
11146,1988-07-28
25791,1988-07-28
29707,1988-07-28
30302,1988-07-28
31388,1988-07-28
4040,1988-07-21
5096,1988-07-21
29400,1988-07-21
31898,1988-07-21
25762,1988-07-15
18351,1988-07-14
19965,1988-07-14
23082,1988-07-14
23380,1988-07-14
25765,1988-07-14
31875,1988-07-08
18167,1988-06-30
23056,1988-06-30
25816,1988-06-30
21347,1988-06-29
32022,1988-06-24
32121,1988-06-24
20071,1988-06-23
25793,1988-06-23
26356,1988-06-23
23942,1988-06-22
30983,1988-06-22
19817,1988-06-17
24300,1988-06-16
24345,1988-06-16
20928,1988-06-14
24054,1988-06-09
29402,1988-06-06
28976,1988-06-03
15905,1988-06-02
17153,1988-06-02
18512,1988-06-02
22111,1988-06-02
24069,1988-06-02
24190,1988-06-02
29289,1988-06-02
22511,1988-05-27
15909,1988-05-26
23416,1988-05-26
25248,1988-05-26
32008,1988-05-26
28802,1988-05-25
32034,1988-05-24
24559,1988-05-19
6086,1988-05-18
27750,1988-05-18
30641,1988-05-18
30923,1988-05-18
30946,1988-05-18
23529,1988-05-13
29569,1988-05-13
31151,1988-05-13
31737,1988-05-13
32062,1988-05-13
32463,1988-05-13
12295,1988-05-12
15745,1988-05-06
22284,1988-05-05
24999,1988-05-05
21787,1988-04-29
27844,1988-04-29
23349,1988-04-28
10892,1988-04-25
20229,1988-04-22
20327,1988-04-22
22611,1988-04-21
25274,1988-04-21
1211,1988-04-20
1722,1988-04-20
3093,1988-04-20
3120,1988-04-20
3227,1988-04-20
3316,1988-04-20
3318,1988-04-20
3344,1988-04-20
3374,1988-04-20
3409,1988-04-20
5506,1988-04-20
5562,1988-04-20
9977,1988-04-20
10357,1988-04-20
11914,1988-04-20
13702,1988-04-20
15721,1988-04-20
16524,1988-04-20
16543,1988-04-20
16560,1988-04-20
17133,1988-04-20
17299,1988-04-20
17343,1988-04-20
17911,1988-04-20
18079,1988-04-20
18151,1988-04-20
18436,1988-04-20
18556,1988-04-20
18563,1988-04-20
19265,1988-04-20
19410,1988-04-20
19667,1988-04-20
19810,1988-04-20
20003,1988-04-20
20029,1988-04-20
20255,1988-04-20
20411,1988-04-20
20729,1988-04-20
20779,1988-04-20
20979,1988-04-20
20980,1988-04-20
21044,1988-04-20
21101,1988-04-20
21190,1988-04-20
21381,1988-04-20
21876,1988-04-20
21907,1988-04-20
22038,1988-04-20
22285,1988-04-20
22816,1988-04-20
23055,1988-04-20
23237,1988-04-20
23526,1988-04-20
24061,1988-04-20
24063,1988-04-20
24358,1988-04-20
24607,1988-04-20
24723,1988-04-20
24759,1988-04-20
26339,1988-04-20
16353,1988-04-19
15811,1988-04-15
26701,1988-04-15
90027,1988-04-15
22188,1988-04-14
24765,1988-04-14
27866,1988-04-12
30061,1988-04-11
31950,1988-04-11
15081,1988-04-08
28456,1988-04-08
13667,1988-04-07
24390,1988-04-07
17112,1988-03-31
20260,1988-03-31
24978,1988-03-25
17293,1988-03-24
20702,1988-03-24
1930,1988-03-18
13640,1988-03-18
19898,1988-03-17
25783,1988-03-15
26227,1988-03-11
28766,1988-03-11
29770,1988-03-11
29982,1988-03-11
30818,1988-03-11
31371,1988-03-11
4074,1988-03-10
8100,1988-03-10
13254,1988-03-10
14241,1988-03-10
18598,1988-03-10
23547,1988-03-10
26546,1988-03-10
29265,1988-03-10
17726,1988-03-03
25331,1988-03-03
20273,1988-02-25
23972,1988-02-25
25743,1988-02-25
15862,1988-02-18
22920,1988-02-18
10155,1988-02-12
18806,1988-02-12
23395,1988-02-12
25288,1988-02-12
19303,1988-02-11
24836,1988-02-11
29246,1988-02-10
29257,1988-02-10
30823,1988-02-10
18495,1988-02-05
5832,1988-02-03
25194,1988-01-29
32118,1988-01-29
16489,1988-01-28
18462,1988-01-28
22183,1988-01-28
23511,1988-01-28
10957,1988-01-27
23038,1988-01-22
15867,1988-01-21
19759,1988-01-21
20650,1988-01-21
23042,1988-01-21
23971,1988-01-21
24965,1988-01-21
14376,1988-01-20
31593,1988-01-15
3352,1988-01-14
19779,1988-01-14
24333,1988-01-14
19546,1988-01-13
23931,1988-01-08
12133,1988-01-07
26540,1988-01-07
28448,1987-12-31
28544,1987-12-31
31327,1987-12-31
31515,1987-12-31
29947,1987-12-30
30047,1987-12-30
31835,1987-12-30
14094,1987-12-29
28015,1987-12-29
22904,1987-12-18
16616,1987-12-17
18679,1987-12-17
20098,1987-12-17
28160,1987-12-16
28979,1987-12-16
17334,1987-12-11
22326,1987-12-11
30411,1987-12-11
3406,1987-12-10
18298,1987-12-10
22990,1987-12-10
24703,1987-12-10
25000,1987-12-10
4070,1987-12-03
5450,1987-12-03
8783,1987-12-03
9813,1987-12-03
16449,1987-12-03
16554,1987-12-03
18360,1987-12-03
18844,1987-12-03
23205,1987-12-03
24921,1987-12-03
4295,1987-11-19
13606,1987-11-19
13620,1987-11-19
18619,1987-11-19
28921,1987-11-17
19676,1987-11-13
31155,1987-11-13
31441,1987-11-12
16966,1987-11-10
20597,1987-11-10
22945,1987-11-10
28784,1987-10-31
17442,1987-10-30
21579,1987-10-30
22316,1987-10-30
31962,1987-10-23
17493,1987-10-22
17510,1987-10-22
21951,1987-10-22
24196,1987-10-22
19799,1987-10-21
28147,1987-10-20
17888,1987-10-16
23473,1987-10-16
10252,1987-10-15
23033,1987-10-15
31605,1987-10-15
2309,1987-10-08
2310,1987-10-08
2998,1987-10-08
12185,1987-10-02
8605,1987-10-01
17852,1987-10-01
18867,1987-10-01
24066,1987-10-01
24560,1987-10-01
22857,1987-09-28
22026,1987-09-25
425,1987-09-24
13607,1987-09-24
17653,1987-09-24
29296,1987-09-24
31527,1987-09-19
8720,1987-09-18
31665,1987-09-18
13925,1987-09-17
18440,1987-09-17
25733,1987-09-17
25735,1987-09-17
9768,1987-09-11
13403,1987-09-11
10711,1987-09-10
21279,1987-09-10
4108,1987-09-03
4210,1987-09-03
22222,1987-08-28
18088,1987-08-27
25329,1987-08-27
9753,1987-08-21
401,1987-08-20
19164,1987-08-20
25742,1987-08-20
31778,1987-08-20
31663,1987-08-19
20345,1987-08-14
2313,1987-08-13
3359,1987-08-13
4136,1987-08-13
23670,1987-08-07
433,1987-08-06
6004,1987-08-06
29902,1987-08-06
30957,1987-08-06
15276,1987-07-31
29273,1987-07-31
4104,1987-07-30
4234,1987-07-30
13152,1987-07-30
25647,1987-07-30
5993,1987-07-23
25285,1987-07-23
28887,1987-07-23
3164,1987-07-17
14618,1987-07-17
16658,1987-07-17
18318,1987-07-17
18833,1987-07-17
19014,1987-07-17
20131,1987-07-17
22115,1987-07-17
22662,1987-07-17
23235,1987-07-17
23355,1987-07-17
9972,1987-07-09
25652,1987-07-09
18279,1987-07-02
22311,1987-07-02
28327,1987-07-02
29043,1987-07-02
29917,1987-06-30
29862,1987-06-29
12190,1987-06-26
23131,1987-06-26
4073,1987-06-25
18816,1987-06-25
9321,1987-06-24
1947,1987-06-18
29814,1987-06-18
23207,1987-06-12
26362,1987-06-12
32130,1987-06-12
3346,1987-06-11
17382,1987-06-11
24885,1987-06-11
31055,1987-06-11
9806,1987-06-05
16605,1987-06-04
20065,1987-06-04
5275,1987-05-29
26199,1987-05-28
317,1987-05-21
20792,1987-05-21
24487,1987-05-21
31130,1987-05-20
32138,1987-05-15
5135,1987-05-14
14279,1987-05-14
16684,1987-05-14
19324,1987-05-14
16043,1987-05-13
9426,1987-05-08
16357,1987-05-08
506,1987-05-07
24569,1987-05-07
26207,1987-05-06
16098,1987-04-30
18595,1987-04-30
22548,1987-04-29
31804,1987-04-24
20304,1987-04-23
26201,1987-04-23
76,1987-04-22
11426,1987-04-22
16291,1987-04-16
20724,1987-04-16
24467,1987-04-16
32204,1987-04-16
10094,1987-04-10
16617,1987-04-10
32028,1987-04-10
4047,1987-04-09
8316,1987-04-09
24161,1987-04-09
24791,1987-04-09
31440,1987-04-03
4685,1987-04-02
8803,1987-03-27
31880,1987-03-27
9466,1987-03-26
32050,1987-03-25
30681,1987-03-24
4243,1987-03-20
13095,1987-03-20
24789,1987-03-20
29821,1987-03-20
31171,1987-03-20
31893,1987-03-20
32156,1987-03-20
1108,1987-03-19
3139,1987-03-19
16856,1987-03-19
32183,1987-03-18
411,1987-03-17
8846,1987-03-13
29828,1987-03-13
30467,1987-03-13
3372,1987-03-12
20915,1987-03-12
23445,1987-03-12
24822,1987-03-12
32163,1987-03-06
14426,1987-03-05
18994,1987-03-05
24262,1987-03-05
25326,1987-03-05
9101,1987-03-04
3695,1987-02-27
28129,1987-02-27
30623,1987-02-27
17947,1987-02-26
19331,1987-02-26
24356,1987-02-26
24068,1987-02-25
5579,1987-02-20
19257,1987-02-20
24990,1987-02-19
14742,1987-02-13
21627,1987-02-13
31115,1987-02-13
31913,1987-02-13
18773,1987-02-12
24039,1987-02-12
25193,1987-02-12
24056,1987-02-11
10496,1987-02-05
17267,1987-02-05
24274,1987-02-05
24709,1987-02-05
4372,1987-01-29
8444,1987-01-29
15143,1987-01-29
19522,1987-01-29
20694,1987-01-29
25633,1987-01-29
2609,1987-01-23
23282,1987-01-23
32176,1987-01-23
14627,1987-01-22
28309,1987-01-16
31169,1987-01-16
31598,1987-01-16
4189,1987-01-15
17475,1987-01-15
23829,1987-01-15
24423,1987-01-15
12548,1987-01-09
4159,1987-01-08
18756,1987-01-08
25053,1987-01-08
20492,1986-12-31
27865,1986-12-31
15886,1986-12-29
29096,1986-12-22
1407,1986-12-19
11936,1986-12-19
12294,1986-12-18
24388,1986-12-18
24638,1986-12-18
29295,1986-12-16
29461,1986-12-12
29648,1986-12-12
14262,1986-12-09
4069,1986-12-05
29048,1986-12-05
5258,1986-12-04
15371,1986-12-04
19094,1986-12-04
15409,1986-11-26
4166,1986-11-24
31493,1986-11-21
32105,1986-11-21
3547,1986-11-20
19098,1986-11-20
24855,1986-11-20
18871,1986-11-14
24395,1986-11-14
13570,1986-11-13
10995,1986-11-07
24081,1986-11-07
1428,1986-11-06
1620,1986-11-06
4090,1986-11-06
12998,1986-11-06
23504,1986-11-05
20758,1986-10-31
27649,1986-10-31
5437,1986-10-23
19010,1986-10-23
22145,1986-10-23
27712,1986-10-23
30071,1986-10-23
23409,1986-10-17
28527,1986-10-10
32157,1986-10-10
24727,1986-10-09
22869,1986-10-03
14957,1986-10-02
24201,1986-10-02
24270,1986-10-02
31384,1986-10-01
17532,1986-09-26
16861,1986-09-25
23738,1986-09-25
21038,1986-09-19
31338,1986-09-19
21149,1986-09-18
28664,1986-09-12
30438,1986-09-12
31615,1986-09-11
19167,1986-09-10
10673,1986-09-04
20616,1986-09-04
20178,1986-08-30
28326,1986-08-29
28520,1986-08-29
31870,1986-08-29
18749,1986-08-28
23248,1986-08-28
25047,1986-08-28
31902,1986-08-27
32123,1986-08-27
3051,1986-08-21
9662,1986-08-21
20116,1986-08-21
13714,1986-08-20
15603,1986-08-15
8112,1986-08-14
16698,1986-08-14
23229,1986-08-08
31959,1986-08-08
4088,1986-08-07
16800,1986-08-07
17310,1986-08-07
18377,1986-08-07
27888,1986-08-01
1186,1986-07-31
4068,1986-07-31
5409,1986-07-31
15109,1986-07-31
21622,1986-07-25
23021,1986-07-25
28328,1986-07-25
30768,1986-07-25
4492,1986-07-24
14111,1986-07-24
31173,1986-07-23
8438,1986-07-18
20355,1986-07-18
32044,1986-07-18
2230,1986-07-17
12142,1986-07-17
16969,1986-07-17
19579,1986-07-17
20457,1986-07-17
4164,1986-07-14
32103,1986-07-14
9730,1986-07-11
28681,1986-07-09
21676,1986-07-02
257,1986-06-27
15896,1986-06-27
26439,1986-06-27
28149,1986-06-27
28491,1986-06-27
8765,1986-06-26
22275,1986-06-26
13050,1986-06-20
4637,1986-06-19
16683,1986-06-19
8142,1986-06-13
21889,1986-06-13
24296,1986-06-12
23807,1986-06-06
28240,1986-06-06
31727,1986-06-06
18093,1986-06-05
32314,1986-05-31
8315,1986-05-30
22456,1986-05-30
4157,1986-05-29
25297,1986-05-29
14034,1986-05-28
16382,1986-05-23
20857,1986-05-23
20912,1986-05-23
32199,1986-05-22
14767,1986-05-15
24645,1986-05-15
2864,1986-05-09
19216,1986-05-09
4215,1986-05-08
4055,1986-05-01
4426,1986-05-01
4742,1986-05-01
28563,1986-04-30
3088,1986-04-24
18534,1986-04-24
16943,1986-04-22
21531,1986-04-18
13925,1986-04-16
31989,1986-04-16
31550,1986-04-14
31943,1986-04-14
32059,1986-04-14
23920,1986-04-11
4452,1986-04-10
11451,1986-04-10
14308,1986-04-10
30342,1986-04-04
22774,1986-04-03
23190,1986-04-03
14389,1986-03-28
22432,1986-03-28
31702,1986-03-28
9951,1986-03-27
11911,1986-03-27
17616,1986-03-27
31927,1986-03-27
30966,1986-03-21
12667,1986-03-20
31380,1986-03-20
31632,1986-03-20
1405,1986-03-14
31186,1986-03-14
31590,1986-03-14
9391,1986-03-07
5482,1986-03-06
13920,1986-03-06
3224,1986-02-27
19405,1986-02-21
23151,1986-02-21
29920,1986-02-21
16740,1986-02-14
20859,1986-02-14
25162,1986-02-14
32006,1986-02-14
32215,1986-02-14
32058,1986-02-12
11484,1986-02-07
20572,1986-02-07
31645,1986-02-07
4422,1986-02-06
32149,1986-01-31
32273,1986-01-30
22715,1986-01-24
22818,1986-01-24
21722,1986-01-17
22670,1986-01-17
8147,1986-01-10
4798,1986-01-09
8976,1986-01-09
32205,1986-01-09
29406,1986-01-02
16074,1985-12-31
30611,1985-12-31
22698,1985-12-20
30507,1985-12-20
31117,1985-12-20
1917,1985-12-20
16732,1985-12-19
18726,1985-12-19
8299,1985-12-19
8596,1985-12-19
12460,1985-12-13
23977,1985-12-13
24449,1985-12-13
31321,1985-12-06
31354,1985-12-06
1433,1985-12-05
4115,1985-12-05
31792,1985-12-04
27622,1985-12-02
30731,1985-12-02
30914,1985-12-02
28890,1985-12-01
31761,1985-11-26
30952,1985-11-25
20533,1985-11-22
21691,1985-11-22
11931,1985-11-22
13160,1985-11-21
2306,1985-11-21
4740,1985-11-21
8562,1985-11-21
5550,1985-11-14
14271,1985-11-08
18859,1985-11-08
23218,1985-11-01
23892,1985-11-01
27972,1985-11-01
10116,1985-11-01
31841,1985-10-28
14670,1985-10-18
19383,1985-10-18
23024,1985-10-18
32032,1985-10-18
12189,1985-10-18
2321,1985-10-17
525,1985-10-11
4602,1985-10-11
15756,1985-10-10
28422,1985-10-04
24573,1985-10-03
15919,1985-10-01
27873,1985-10-01
30922,1985-10-01
18760,1985-09-27
31652,1985-09-27
32207,1985-09-27
4207,1985-09-27
1148,1985-09-25
30916,1985-09-20
12743,1985-09-18
21562,1985-09-13
20490,1985-09-12
24106,1985-09-12
23209,1985-09-06
30676,1985-09-06
6096,1985-09-04
27766,1985-09-03
16798,1985-08-30
28124,1985-08-30
16084,1985-08-28
19574,1985-08-28
31749,1985-08-28
32083,1985-08-23
10501,1985-08-23
31818,1985-08-20
32055,1985-08-16
55,1985-08-16
24761,1985-08-15
15380,1985-08-14
31906,1985-08-09
10085,1985-08-09
18907,1985-08-08
29540,1985-08-07
14180,1985-08-06
29527,1985-08-02
10970,1985-08-02
11828,1985-08-02
18862,1985-08-01
29071,1985-08-01
20699,1985-07-25
28490,1985-07-25
12423,1985-07-25
18928,1985-07-23
4745,1985-07-23
22851,1985-07-19
28504,1985-07-19
10625,1985-07-19
17962,1985-07-18
32016,1985-07-18
3166,1985-07-18
22163,1985-07-11
14837,1985-07-05
10510,1985-07-02
31839,1985-07-01
4968,1985-06-28
31940,1985-06-26
28913,1985-06-25
31480,1985-06-25
31891,1985-06-25
32015,1985-06-25
32029,1985-06-25
32098,1985-06-25
13153,1985-06-21
22452,1985-06-21
28745,1985-06-21
4165,1985-06-21
10507,1985-06-20
1602,1985-06-14
11613,1985-06-14
4657,1985-06-13
18551,1985-06-11
31323,1985-06-07
31674,1985-06-07
28621,1985-06-06
13790,1985-05-31
13797,1985-05-31
18388,1985-05-31
18738,1985-05-31
19117,1985-05-31
30965,1985-05-31
5177,1985-05-31
9477,1985-05-31
29052,1985-05-28
19076,1985-05-23
30054,1985-05-22
21757,1985-05-16
23889,1985-05-16
28448,1985-05-10
5813,1985-05-09
16573,1985-05-03
10599,1985-05-03
27832,1985-05-02
30728,1985-05-02
30934,1985-05-02
11775,1985-05-02
29279,1985-05-01
20708,1985-04-26
12414,1985-04-26
29769,1985-04-23
3057,1985-04-18
3294,1985-04-18
16255,1985-04-12
21984,1985-04-12
28447,1985-04-12
17466,1985-04-10
22159,1985-04-05
2336,1985-04-04
23408,1985-03-29
22387,1985-03-25
10811,1985-03-15
32171,1985-03-08
949,1985-03-08
8345,1985-03-08
19064,1985-03-01
16248,1985-02-19
10997,1985-02-15
14563,1985-02-14
22673,1985-02-08
2393,1985-02-08
4093,1985-02-07
4523,1985-02-07
22822,1985-02-01
17833,1985-01-25
13812,1985-01-24
4141,1985-01-24
22757,1985-01-11
18751,1985-01-07
22433,1985-01-04
30066,1985-01-01
32067,1985-01-01
22160,1984-12-22
17700,1984-12-20
20978,1984-12-18
21505,1984-12-11
18946,1984-12-07
31987,1984-12-07
22999,1984-12-04
2378,1984-11-30
12429,1984-11-29
21016,1984-11-16
30848,1984-11-16
31848,1984-11-16
31877,1984-11-16
31883,1984-11-16
31890,1984-11-16
4671,1984-10-25
1994,1984-10-24
8342,1984-10-24
16646,1984-10-24
8985,1984-10-19
11008,1984-10-12
16991,1984-10-12
12867,1984-10-10
9883,1984-10-05
30939,1984-10-02
28764,1984-10-01
31617,1984-10-01
16148,1984-09-28
2304,1984-09-21
27781,1984-09-21
22369,1984-09-20
16531,1984-09-19
19119,1984-09-14
233,1984-09-07
29456,1984-09-07
13256,1984-09-06
29892,1984-09-01
22485,1984-08-31
28418,1984-08-28
31284,1984-08-28
9219,1984-08-24
4780,1984-08-22
14422,1984-08-16
23765,1984-08-16
10480,1984-08-10
14796,1984-08-10
28546,1984-08-10
3895,1984-08-09
31414,1984-08-01
10699,1984-07-24
31392,1984-07-24
18510,1984-07-19
29182,1984-07-18
3782,1984-07-12
16654,1984-06-29
9175,1984-06-27
4424,1984-06-21
12213,1984-06-18
5631,1984-06-15
9009,1984-06-15
20188,1984-06-15
23362,1984-06-08
31644,1984-06-08
9054,1984-06-05
22848,1984-06-01
24098,1984-05-24
11791,1984-05-18
21410,1984-05-18
21891,1984-05-18
22568,1984-05-18
3622,1984-05-17
31636,1984-05-16
17036,1984-05-11
18112,1984-05-11
23358,1984-05-08
5239,1984-05-04
19091,1984-05-04
22861,1984-05-04
23335,1984-05-04
1472,1984-04-27
22744,1984-04-27
18527,1984-04-26
4380,1984-04-19
9312,1984-04-19
18961,1984-04-13
20227,1984-04-06
22210,1984-04-06
31836,1984-04-03
29184,1984-04-02
30911,1984-04-01
15783,1984-03-16
22093,1984-03-16
31716,1984-03-14
14598,1984-03-09
22784,1984-03-02
22922,1984-03-02
30102,1984-03-01
1177,1984-02-17
19282,1984-02-10
10466,1984-02-08
843,1984-02-03
22929,1984-02-03
20567,1984-01-27
31584,1984-01-27
9960,1984-01-20
4971,1984-01-06
31558,1983-12-30
27882,1983-12-27
431,1983-12-16
1731,1983-12-13
23674,1983-12-09
31114,1983-12-02
30478,1983-12-01
11692,1983-11-25
28768,1983-11-14
29453,1983-11-14
31275,1983-11-14
31557,1983-11-14
2166,1983-11-11
31281,1983-11-03
30642,1983-10-28
3343,1983-10-14
30396,1983-10-14
22807,1983-10-07
15955,1983-10-01
17957,1983-09-30
19609,1983-09-30
28181,1983-09-30
31178,1983-09-30
20736,1983-09-16
16614,1983-09-02
28365,1983-09-01
28881,1983-08-31
29255,1983-08-31
29651,1983-08-31
30170,1983-08-31
30932,1983-08-31
22577,1983-08-26
17815,1983-08-12
30861,1983-08-12
3643,1983-08-05
9572,1983-08-05
28457,1983-08-05
31603,1983-08-05
31885,1983-08-05
8429,1983-07-29
22765,1983-07-29
30484,1983-07-22
4963,1983-07-08
13189,1983-07-08
16946,1983-07-08
31172,1983-07-08
29843,1983-07-05
27620,1983-07-01
23501,1983-06-30
19261,1983-06-24
28255,1983-06-24
31288,1983-06-24
6066,1983-06-17
30549,1983-06-10
31475,1983-06-10
31640,1983-06-06
29489,1983-06-03
31207,1983-06-02
27994,1983-05-31
1473,1983-05-27
4925,1983-05-27
20332,1983-05-27
20494,1983-05-27
21030,1983-05-27
21364,1983-05-27
1483,1983-05-06
18550,1983-04-29
22808,1983-04-29
27784,1983-04-28
15301,1983-04-15
30354,1983-04-11
1810,1983-04-08
23143,1983-04-08
30841,1983-04-06
31863,1983-04-01
23043,1983-03-25
16290,1983-03-24
31338,1983-03-21
20461,1983-03-18
22310,1983-03-18
23085,1983-03-11
31258,1983-03-05
31306,1983-03-05
29964,1983-03-04
27823,1983-03-01
28324,1983-03-01
28333,1983-02-28
30814,1983-02-28
19020,1983-02-25
23035,1983-02-18
4943,1983-02-14
22880,1983-02-12
30558,1983-02-12
15748,1983-02-09
16065,1983-02-09
30092,1983-02-03
8593,1983-01-21
31620,1983-01-14
29586,1983-01-06
28872,1982-12-20
29117,1982-12-20
29159,1982-12-20
29229,1982-12-20
29736,1982-12-20
29969,1982-12-20
30366,1982-12-20
31439,1982-12-20
31574,1982-12-20
30018,1982-12-17
9874,1982-12-16
8287,1982-12-10
3334,1982-11-19
30729,1982-11-19
28076,1982-11-15
29218,1982-11-15
12527,1982-11-12
6799,1982-11-05
22364,1982-11-05
9053,1982-11-02
28987,1982-10-22
31651,1982-10-22
15931,1982-10-15
28203,1982-10-12
28297,1982-10-12
18505,1982-10-08
4168,1982-10-03
29326,1982-10-01
30216,1982-10-01
30472,1982-10-01
31301,1982-10-01
31365,1982-10-01
15937,1982-09-24
31527,1982-09-21
28941,1982-09-20
30549,1982-09-20
31475,1982-09-20
31895,1982-09-20
31942,1982-09-20
30769,1982-09-10
30958,1982-09-10
31337,1982-09-10
10692,1982-09-03
28108,1982-09-01
28822,1982-09-01
29948,1982-09-01
1758,1982-08-27
3774,1982-08-27
23308,1982-08-27
31609,1982-08-27
16558,1982-08-06
19019,1982-08-06
30796,1982-08-06
28099,1982-08-02
29976,1982-08-02
30500,1982-08-02
27679,1982-07-31
28584,1982-07-31
31034,1982-07-31
19831,1982-07-30
27906,1982-07-30
29308,1982-07-30
30321,1982-07-30
30967,1982-07-30
12767,1982-07-27
17716,1982-07-27
29452,1982-07-16
31683,1982-07-15
18153,1982-07-05
13586,1982-07-02
10454,1982-06-25
15933,1982-06-23
22321,1982-06-12
27899,1982-06-10
31798,1982-06-01
30975,1982-05-31
20794,1982-05-15
18299,1982-05-01
21569,1982-04-30
20988,1982-04-29
22103,1982-04-16
29037,1982-04-15
29935,1982-04-15
21068,1982-04-03
28820,1982-04-03
31193,1982-04-03
4467,1982-04-02
15698,1982-04-02
28251,1982-04-01
15901,1982-03-26
29290,1982-03-15
12015,1982-03-11
19776,1982-03-11
29409,1982-03-09
29727,1982-03-09
30711,1982-03-08
15088,1982-03-01
2376,1982-02-20
12008,1982-02-20
27828,1982-02-20
28244,1982-02-20
29938,1982-02-20
31035,1982-02-20
21623,1982-02-12
3751,1982-02-06
30407,1982-02-05
30702,1982-02-05
30913,1982-02-05
31379,1982-02-05
31481,1982-02-05
31996,1982-02-01
29737,1982-01-25
15997,1982-01-15
30777,1982-01-15
31056,1982-01-15
31268,1982-01-15
31426,1982-01-15
31534,1982-01-15
31668,1982-01-15
16051,1981-12-18
27851,1981-12-17
30938,1981-12-17
31200,1981-12-17
28337,1981-12-09
31519,1981-12-09
31138,1981-12-05
16064,1981-12-04
28675,1981-11-30
30964,1981-11-30
30387,1981-11-20
31773,1981-11-20
28967,1981-11-19
16067,1981-11-04
19379,1981-10-30
22975,1981-10-23
30703,1981-10-07
28604,1981-10-02
20778,1981-09-25
31506,1981-09-15
28630,1981-09-08
28678,1981-09-08
30496,1981-09-08
30603,1981-09-08
30875,1981-08-09
31754,1981-07-10
30272,1981-07-01
31705,1981-06-21
22640,1981-06-19
28190,1981-06-01
29270,1981-05-31
30480,1981-05-18
31017,1981-05-09
29525,1981-04-30
16556,1981-03-17
18373,1981-03-14
20688,1981-03-14
31010,1981-02-09
31721,1981-02-09
28693,1981-01-18
40,1980-12-31
15559,1980-11-21
30901,1980-11-01
29504,1980-10-14
17762,1980-10-11
19611,1980-09-12
31312,1980-09-01
1368,1980-08-08
31014,1980-08-01
31289,1980-07-01
4939,1980-06-28
17615,1980-06-04
30015,1980-06-04
29607,1980-05-01
29900,1980-05-01
31221,1980-05-01
719,1980-04-28
30928,1980-03-01
21751,1980-02-16
19177,1980-02-12
31431,1980-02-01
21291,1980-01-11
20237,1979-10-12
21816,1979-10-12
8249,1979-09-28
17377,1979-09-21
16403,1979-07-14
17710,1979-07-14
9195,1979-06-16
22102,1979-06-14
22110,1979-01-26
16294,1979-01-05
20315,1978-12-16
19575,1978-09-05
856,1978-07-21
16875,1978-03-31
1726,1978-03-01
1733,1978-01-26
3623,1978-01-19
16878,1977-09-02
13914,1977-08-26
21640,1977-07-29
19871,1977-05-20
21218,1977-03-28
415,1977-03-10
19539,1976-12-03
9150,1976-10-19
10070,1976-10-08
638,1976-09-15
20120,1976-09-14
11548,1976-06-28
8780,1976-06-25
21021,1976-06-25
20092,1976-06-14
17902,1976-06-03
18470,1976-05-21
20294,1976-02-25
4921,1976-02-16
20405,1976-01-12
18798,1976-01-10
17376,1975-12-27
19637,1975-12-19
20465,1975-10-24
6203,1975-10-21
20523,1975-10-16
917,1975-07-12
13082,1975-07-01
11427,1975-06-18
15154,1975-05-30
19596,1975-05-09
19377,1975-03-24
20478,1975-02-19
19834,1975-01-03
14250,1974-10-09
7060,1974-10-08
17918,1974-09-27
11543,1974-09-20
3506,1973-10-18
10498,1973-10-05
11170,1973-07-16
16214,1973-05-07
20550,1973-03-26
18535,1973-01-19
18365,1972-05-27
3007,1971-11-30
8332,1971-04-05
10472,1971-02-17
18316,1971-02-16
18254,1971-01-25
1876,1970-10-08
19791,1970-09-03
12227,1970-08-24
19276,1970-08-07
13164,1970-06-25
14987,1970-04-18
14571,1970-02-22
30570,2017-12-15
17719,2017-10-13
1802,2017-05-26
30003,2017-05-05
58302,2017-04-28
35495,2017-03-03
19328,2017-01-27
34951,2017-01-13
91,2016-09-23
11297,2016-08-19
35312,2016-05-06
9956,2016-04-29
20364,2016-03-11
35156,2015-10-02
35259,2015-10-02
34112,2015-07-10
57772,2015-05-08
32102,2015-02-27
33938,2015-02-13
20290,2015-01-23
17557,2015-01-16
34983,2014-12-19
34738,2014-11-07
916,2014-10-24
4862,2014-10-17
28462,2014-07-25
58125,2014-07-18
12483,2014-06-27
10450,2014-06-20
21793,2014-06-20
32368,2014-05-30
32284,2014-05-23
57866,2014-05-16
15062,2014-04-25
35096,2014-02-28
58531,2014-02-28
34296,2014-01-31
17967,2014-01-24
5732,2014-01-17
57431,2013-12-13
14794,2013-10-30
14318,2013-09-13
57041,2013-09-13
19849,2013-08-23
34707,2013-08-23
35016,2013-08-09
34943,2013-08-02
34789,2013-06-07
58358,2013-06-06
35386,2013-05-31
34527,2013-05-14
58185,2013-05-10
58701,2013-05-10
21649,2013-04-26
57158,2013-04-26
26680,2013-04-19
29594,2013-04-19
58034,2013-04-19
58066,2013-04-05
16431,2013-03-08
22476,2013-02-15
57157,2013-01-18
33997,2013-01-11
27331,2012-12-14
57928,2012-11-16
3731,2012-11-02
35009,2012-11-02
27148,2012-10-26
19189,2012-10-19
28144,2012-10-19
58073,2012-10-19
20685,2012-09-28
27316,2012-09-14
35246,2012-09-07
28243,2012-08-03
16240,2012-07-27
1361,2012-07-20
27986,2012-07-20
32711,2012-07-20
57096,2012-07-20
57847,2012-07-20
1056,2012-07-13
19498,2012-07-06
1690,2012-06-15
27405,2012-06-15
35299,2012-06-15
416,2012-06-08
9257,2012-06-08
34515,2012-06-08
35372,2012-06-08
35224,2012-05-18
23156,2012-05-04
23632,2012-04-27
26759,2012-04-27
31495,2012-04-27
32503,2012-04-27
57766,2012-04-27
35527,2012-04-20
33883,2012-03-30
35419,2012-03-23
58068,2012-03-23
57597,2012-03-09
34046,2012-03-02
5687,2012-02-24
29178,2012-02-24
23187,2012-02-10
29761,2012-02-10
16579,2012-01-27
19869,2012-01-27
34823,2012-01-27
35296,2012-01-27
19252,2012-01-20
31581,2012-01-20
57186,2012-01-20
57917,2011-12-16
58343,2011-12-16
14194,2011-11-18
19657,2011-11-18
57860,2011-11-10
19397,2011-11-04
57087,2011-11-04
57759,2011-10-28
21132,2011-10-21
34392,2011-10-21
57036,2011-10-21
57537,2011-10-21
32347,2011-10-14
35395,2011-10-14
57256,2011-10-14
58046,2011-10-14
10216,2011-10-07
20115,2011-10-07
33513,2011-09-30
20408,2011-09-23
33983,2011-09-23
25155,2011-09-09
58226,2011-09-02
58273,2011-09-02
35356,2011-08-19
57212,2011-08-19
57239,2011-08-19
34130,2011-08-18
4744,2011-08-12
22528,2011-08-05
22637,2011-08-05
4392,2011-07-29
58222,2011-07-29
58283,2011-07-29
2994,2011-07-22
35244,2011-07-22
58056,2011-07-22
19554,2011-07-15
34870,2011-07-15
57442,2011-07-15
58238,2011-07-15
27935,2011-07-08
34522,2011-07-08
57835,2011-07-08
57593,2011-06-24
19237,2011-06-17
27583,2011-06-17
58420,2011-06-03
23626,2011-05-27
513,2011-05-20
57213,2011-05-20
57647,2011-05-20
34898,2011-05-06
19797,2011-04-29
26297,2011-04-29
34234,2011-04-29
57625,2011-04-29
58539,2011-04-29
14273,2011-04-15
17750,2011-04-15
19794,2011-04-15
21495,2011-04-15
24099,2011-04-15
57705,2011-04-15
10086,2011-04-08
35418,2011-04-08
34292,2011-03-25
4077,2011-03-11
34818,2011-03-11
34187,2011-02-25
151,2011-02-18
34601,2011-02-18
34783,2011-02-18
57855,2011-02-18
13272,2011-02-11
14939,2011-02-11
34692,2011-02-11
35478,2011-02-11
35242,2011-02-04
57432,2011-02-04
57948,2011-02-04
2303,2011-01-28
5328,2011-01-28
12261,2011-01-28
57646,2011-01-28
19758,2011-01-21
31293,2011-01-21
34516,2011-01-21
57868,2011-01-21
57440,2011-01-14
34965,2011-01-07
57820,2011-01-07
19040,2010-12-17
23306,2010-12-17
34578,2010-12-17
35065,2010-12-17
58052,2010-12-17
58495,2010-12-17
34673,2010-12-10
35561,2010-12-10
5287,2010-11-19
20340,2010-11-19
35078,2010-11-19
14580,2010-11-12
35463,2010-11-12
57831,2010-11-12
31263,2010-11-05
34411,2010-11-05
57885,2010-11-05
58087,2010-11-05
2119,2010-10-22
16089,2010-10-22
22173,2010-10-22
27573,2010-10-22
32251,2010-10-22
32582,2010-10-22
33904,2010-10-22
30898,2010-10-15
34016,2010-10-15
58205,2010-10-15
21777,2010-10-01
35250,2010-10-01
35053,2010-09-24
58308,2010-09-24
182,2010-09-17
27808,2010-09-17
28612,2010-09-17
57107,2010-09-17
57448,2010-09-17
58197,2010-09-17
35061,2010-09-10
15640,2010-08-20
25266,2010-08-20
27090,2010-08-20
27259,2010-08-20
27344,2010-08-20
31623,2010-08-20
32165,2010-08-20
33219,2010-08-20
17599,2010-08-13
34231,2010-08-06
9619,2010-07-30
22643,2010-07-30
31964,2010-07-30
57658,2010-07-30
57669,2010-07-30
10506,2010-07-23
17837,2010-07-23
23181,2010-07-23
27559,2010-07-23
32536,2010-07-23
34486,2010-07-23
35434,2010-07-23
25172,2010-07-16
28136,2010-07-16
28864,2010-07-16
32280,2010-07-16
32571,2010-07-16
35383,2010-07-16
11636,2010-07-09
32456,2010-07-09
35462,2010-07-09
58072,2010-07-09
26563,2010-06-25
34152,2010-06-25
35279,2010-06-25
57110,2010-06-18
32955,2010-06-11
15814,2010-06-04
29341,2010-06-04
31813,2010-06-04
34785,2010-05-28
35106,2010-05-28
57315,2010-05-28
57360,2010-05-28
57814,2010-05-28
57735,2010-05-21
18117,2010-05-14
34255,2010-05-14
35114,2010-05-14
35586,2010-05-14
14246,2010-05-07
16476,2010-05-07
35517,2010-05-07
57697,2010-05-07
17792,2010-04-30
22710,2010-04-30
27150,2010-04-30
30005,2010-04-30
31027,2010-04-30
32185,2010-04-30
58362,2010-04-30
3735,2010-04-23
10888,2010-04-23
22853,2010-04-23
30600,2010-04-23
34658,2010-04-23
34821,2010-04-23
58429,2010-04-23
21521,2010-04-16
23876,2010-04-16
24067,2010-04-16
26619,2010-04-16
28886,2010-04-16
33493,2010-04-16
34878,2010-04-16
57724,2010-04-16
34242,2010-04-09
34678,2010-03-26
34684,2010-03-26
57060,2010-03-26
57399,2010-03-26
8221,2010-03-19
10054,2010-03-19
18806,2010-03-19
24957,2010-03-19
33535,2010-03-19
33989,2010-03-19
58104,2010-03-19
27096,2010-03-12
29561,2010-03-12
58182,2010-03-12
58071,2010-03-11
9268,2010-03-05
27126,2010-03-05
34430,2010-03-05
34976,2010-03-05
38129,2010-02-26
58352,2010-02-26
3287,2010-02-19
29952,2010-02-19
32423,2010-02-19
57586,2010-02-19
15448,2010-02-05
5672,2010-01-29
5702,2010-01-29
16133,2010-01-29
16480,2010-01-29
16730,2010-01-29
23011,2010-01-29
8265,2010-01-22
20501,2010-01-22
22469,2010-01-22
32498,2010-01-22
57147,2010-01-22
1252,2010-01-15
17522,2010-01-15
34705,2010-01-15
22977,2010-01-08
1006,2009-12-18
26348,2009-12-18
26820,2009-12-18
28536,2009-12-18
32167,2009-12-18
32276,2009-12-18
58315,2009-12-18
4731,2009-12-11
22846,2009-12-11
58399,2009-12-11
10440,2009-12-04
12080,2009-12-04
26290,2009-12-04
29776,2009-12-04
32583,2009-12-04
34663,2009-12-04
58016,2009-11-20
22427,2009-11-13
32267,2009-11-13
57914,2009-11-13
19450,2009-11-06
22286,2009-11-06
30329,2009-11-06
32469,2009-11-06
35074,2009-11-06
11677,2009-10-30
18776,2009-10-30
23594,2009-10-30
25222,2009-10-30
30006,2009-10-30
32218,2009-10-30
33782,2009-10-30
34659,2009-10-30
35291,2009-10-30
18321,2009-10-23
35038,2009-10-23
35044,2009-10-23
57525,2009-10-23
57794,2009-10-23
57959,2009-10-23
58336,2009-10-23
23266,2009-10-16
11416,2009-10-02
34824,2009-10-02
57263,2009-10-02
57151,2009-09-25
10100,2009-09-18
57068,2009-09-18
13693,2009-09-11
22868,2009-09-11
57736,2009-09-11
20203,2009-09-04
25231,2009-09-04
27732,2009-09-04
34875,2009-09-04
35030,2009-09-04
1909,2009-08-28
27197,2009-08-28
28312,2009-08-28
22130,2009-08-21
32618,2009-08-21
34682,2009-08-21
57702,2009-08-21
9609,2009-08-14
31559,2009-08-14
34043,2009-08-14
34485,2009-08-14
57645,2009-08-14
23268,2009-08-07
27183,2009-08-07
27364,2009-08-07
9873,2009-07-31
18659,2009-07-31
32288,2009-07-31
34270,2009-07-31
57604,2009-07-31
8486,2009-07-24
27048,2009-07-24
27367,2009-07-24
57105,2009-07-24
57346,2009-07-24
57430,2009-07-24
58065,2009-07-24
23556,2009-07-17
34103,2009-07-17
34341,2009-07-17
34594,2009-07-17
22754,2009-07-10
3644,2009-07-02
9262,2009-07-02
11710,2009-07-02
12093,2009-07-02
15302,2009-07-02
18390,2009-07-02
57667,2009-07-02
9744,2009-06-26
35285,2009-06-26
57332,2009-06-26
57436,2009-06-26
57893,2009-06-26
4614,2009-06-19
27837,2009-06-19
35251,2009-06-19
17309,2009-06-05
5757,2009-05-22
35175,2009-05-22
32247,2009-05-21
34843,2009-05-08
26535,2009-05-01
35461,2009-05-01
57563,2009-05-01
32069,2009-04-24
34369,2009-04-24
34396,2009-04-24
57943,2009-04-24
8266,2009-04-17
33824,2009-04-17
34639,2009-04-10
34881,2009-04-10
22238,2009-03-27
4754,2009-03-20
18243,2009-03-20
18896,2009-03-20
57558,2009-03-06
20078,2009-02-27
34820,2009-02-27
35399,2009-02-20
5431,2009-02-13
16500,2009-02-13
34563,2009-02-13
57342,2009-02-13
22574,2009-02-06
23124,2009-02-06
57017,2009-02-06
26538,2009-01-30
30763,2009-01-30
58001,2009-01-30
33025,2009-01-23
3510,2009-01-16
19733,2009-01-16
25178,2009-01-16
27374,2009-01-16
33143,2009-01-16
33318,2009-01-16
34571,2009-01-16
34959,2009-01-16
35453,2009-01-16
58032,2009-01-16
11568,2008-12-12
35379,2008-12-12
34301,2008-12-05
7213,2008-11-23
18708,2008-11-23
18923,2008-11-23
23360,2008-11-23
58180,2008-11-23
16490,2008-11-21
28344,2008-11-21
30968,2008-11-21
23595,2008-11-07
26870,2008-11-07
57930,2008-10-31
58241,2008-10-24
13789,2008-10-10
57654,2008-10-10
32633,2008-09-25
6782,2008-09-19
34194,2008-09-05
35469,2008-08-29
22728,2008-08-22
57523,2008-08-01
27011,2008-07-25
57961,2008-07-25
29730,2008-07-11
12736,2008-05-30
33901,2008-05-09
1971,2008-03-07
24660,2008-01-25
16848,2007-10-04
32575,2007-09-28
35353,2007-02-02
1249,2004-06-25
26778,2004-03-19
26838,2004-03-12
31330,2004-02-14
27203,2003-11-14
11639,2003-05-09
27094,2003-02-07
16445,2002-12-17
9961,2002-11-08
33784,2002-09-30
29355,2002-06-27
19183,2002-06-26
34979,2002-03-28
26652,2002-03-01
22314,2002-02-07
8966,2002-02-01
22002,2002-01-18
24382,2002-01-11
34248,2001-09-07
32646,2001-07-27
6629,2001-05-03
34264,2001-02-02
3815,2000-12-14
21029,2000-10-13
338,2000-09-29
10985,2000-07-14
25056,2000-06-02
27886,2000-03-10
14228,2000-01-14
21111,2019-11-01
58317,2019-10-25
58112,2019-10-25
10716,2019-05-31
30570,2017-12-15
17719,2017-10-13
1802,2017-05-26
30003,2017-05-05
58302,2017-04-28
35495,2017-03-03
19328,2017-01-27
34951,2017-01-13
91,2016-09-23
11297,2016-08-19
35312,2016-05-06
9956,2016-04-29
20364,2016-03-11
35156,2015-10-02
35259,2015-10-02
34112,2015-07-10
57772,2015-05-08
32102,2015-02-27
33938,2015-02-13
20290,2015-01-23
17557,2015-01-16
34983,2014-12-19
34738,2014-11-07
916,2014-10-24
4862,2014-10-17
28462,2014-07-25
58125,2014-07-18
12483,2014-06-27
21793,2014-06-20
10450,2014-06-20
32368,2014-05-30
32284,2014-05-23
57866,2014-05-16
15062,2014-04-25
58531,2014-02-28
35096,2014-02-28
34296,2014-01-31
17967,2014-01-24
5732,2014-01-17
57431,2013-12-13
14794,2013-10-30
14318,2013-09-13
57041,2013-09-13
34707,2013-08-23
19849,2013-08-23
35016,2013-08-09
34943,2013-08-02
34789,2013-06-07
58358,2013-06-06
35386,2013-05-31
34527,2013-05-14
58185,2013-05-10
58701,2013-05-10
21649,2013-04-26
57158,2013-04-26
58034,2013-04-19
26680,2013-04-19
29594,2013-04-19
58066,2013-04-05
16431,2013-03-08
22476,2013-02-15
57157,2013-01-18
33997,2013-01-11
27331,2012-12-14
57928,2012-11-16
3731,2012-11-02
35009,2012-11-02
27148,2012-10-26
19189,2012-10-19
28144,2012-10-19
58073,2012-10-19
20685,2012-09-28
27316,2012-09-14
35246,2012-09-07
28243,2012-08-03
16240,2012-07-27
27986,2012-07-20
1361,2012-07-20
32711,2012-07-20
57847,2012-07-20
57096,2012-07-20
1056,2012-07-13
19498,2012-07-06
1690,2012-06-15
35299,2012-06-15
27405,2012-06-15
34515,2012-06-08
9257,2012-06-08
35372,2012-06-08
416,2012-06-08
35224,2012-05-18
23156,2012-05-04
23632,2012-04-27
32503,2012-04-27
31495,2012-04-27
57766,2012-04-27
26759,2012-04-27
35527,2012-04-20
33883,2012-03-30
35419,2012-03-23
58068,2012-03-23
57597,2012-03-09
34046,2012-03-02
29178,2012-02-24
5687,2012-02-24
29761,2012-02-10
23187,2012-02-10
19869,2012-01-27
34823,2012-01-27
35296,2012-01-27
16579,2012-01-27
31581,2012-01-20
19252,2012-01-20
57186,2012-01-20
57917,2011-12-16
58343,2011-12-16
19657,2011-11-18
14194,2011-11-18
57860,2011-11-10
57087,2011-11-04
19397,2011-11-04
57759,2011-10-28
21132,2011-10-21
57036,2011-10-21
34392,2011-10-21
57537,2011-10-21
35395,2011-10-14
58046,2011-10-14
32347,2011-10-14
57256,2011-10-14
20115,2011-10-07
10216,2011-10-07
33513,2011-09-30
33983,2011-09-23
20408,2011-09-23
25155,2011-09-09
58226,2011-09-02
58273,2011-09-02
57212,2011-08-19
57239,2011-08-19
35356,2011-08-19
34130,2011-08-18
4744,2011-08-12
22528,2011-08-05
22637,2011-08-05
4392,2011-07-29
58222,2011-07-29
58283,2011-07-29
2994,2011-07-22
35244,2011-07-22
58056,2011-07-22
57442,2011-07-15
34870,2011-07-15
19554,2011-07-15
58238,2011-07-15
57835,2011-07-08
34522,2011-07-08
27935,2011-07-08
57593,2011-06-24
27583,2011-06-17
19237,2011-06-17
58420,2011-06-03
23626,2011-05-27
513,2011-05-20
57647,2011-05-20
57213,2011-05-20
34898,2011-05-06
34234,2011-04-29
19797,2011-04-29
58539,2011-04-29
57625,2011-04-29
26297,2011-04-29
14273,2011-04-15
24099,2011-04-15
17750,2011-04-15
19794,2011-04-15
57705,2011-04-15
21495,2011-04-15
35418,2011-04-08
10086,2011-04-08
34292,2011-03-25
34818,2011-03-11
4077,2011-03-11
34187,2011-02-25
34783,2011-02-18
57855,2011-02-18
34601,2011-02-18
151,2011-02-18
34692,2011-02-11
13272,2011-02-11
14939,2011-02-11
35478,2011-02-11
57948,2011-02-04
35242,2011-02-04
57432,2011-02-04
12261,2011-01-28
57646,2011-01-28
5328,2011-01-28
2303,2011-01-28
31293,2011-01-21
34516,2011-01-21
57868,2011-01-21
19758,2011-01-21
57440,2011-01-14
57820,2011-01-07
34965,2011-01-07
23306,2010-12-17
58052,2010-12-17
35065,2010-12-17
58495,2010-12-17
34578,2010-12-17
19040,2010-12-17
35561,2010-12-10
34673,2010-12-10
5287,2010-11-19
35078,2010-11-19
20340,2010-11-19
35463,2010-11-12
14580,2010-11-12
57831,2010-11-12
57885,2010-11-05
34411,2010-11-05
58087,2010-11-05
31263,2010-11-05
32582,2010-10-22
22173,2010-10-22
16089,2010-10-22
2119,2010-10-22
33904,2010-10-22
32251,2010-10-22
27573,2010-10-22
34016,2010-10-15
58205,2010-10-15
30898,2010-10-15
35250,2010-10-01
21777,2010-10-01
35053,2010-09-24
58308,2010-09-24
28612,2010-09-17
27808,2010-09-17
182,2010-09-17
57448,2010-09-17
58197,2010-09-17
57107,2010-09-17
35061,2010-09-10
27259,2010-08-20
32165,2010-08-20
33219,2010-08-20
27090,2010-08-20
15640,2010-08-20
31623,2010-08-20
27344,2010-08-20
25266,2010-08-20
17599,2010-08-13
34231,2010-08-06
31964,2010-07-30
22643,2010-07-30
9619,2010-07-30
57669,2010-07-30
57658,2010-07-30
23181,2010-07-23
35434,2010-07-23
34486,2010-07-23
10506,2010-07-23
17837,2010-07-23
27559,2010-07-23
32536,2010-07-23
28136,2010-07-16
28864,2010-07-16
32280,2010-07-16
25172,2010-07-16
35383,2010-07-16
32571,2010-07-16
11636,2010-07-09
58072,2010-07-09
32456,2010-07-09
35462,2010-07-09
35279,2010-06-25
34152,2010-06-25
26563,2010-06-25
57110,2010-06-18
32955,2010-06-11
29341,2010-06-04
31813,2010-06-04
15814,2010-06-04
34785,2010-05-28
57315,2010-05-28
57814,2010-05-28
35106,2010-05-28
57360,2010-05-28
57735,2010-05-21
18117,2010-05-14
34255,2010-05-14
35586,2010-05-14
35114,2010-05-14
35517,2010-05-07
57697,2010-05-07
16476,2010-05-07
14246,2010-05-07
22710,2010-04-30
17792,2010-04-30
58362,2010-04-30
30005,2010-04-30
31027,2010-04-30
32185,2010-04-30
27150,2010-04-30
58429,2010-04-23
10888,2010-04-23
30600,2010-04-23
34821,2010-04-23
34658,2010-04-23
22853,2010-04-23
3735,2010-04-23
21521,2010-04-16
33493,2010-04-16
23876,2010-04-16
26619,2010-04-16
24067,2010-04-16
57724,2010-04-16
28886,2010-04-16
34878,2010-04-16
34242,2010-04-09
57060,2010-03-26
34678,2010-03-26
34684,2010-03-26
57399,2010-03-26
8221,2010-03-19
24957,2010-03-19
10054,2010-03-19
33989,2010-03-19
33535,2010-03-19
58104,2010-03-19
18806,2010-03-19
29561,2010-03-12
58182,2010-03-12
27096,2010-03-12
58071,2010-03-11
34430,2010-03-05
34976,2010-03-05
9268,2010-03-05
27126,2010-03-05
38129,2010-02-26
58352,2010-02-26
32423,2010-02-19
29952,2010-02-19
3287,2010-02-19
57586,2010-02-19
15448,2010-02-05
16730,2010-01-29
23011,2010-01-29
5702,2010-01-29
16133,2010-01-29
5672,2010-01-29
16480,2010-01-29
22469,2010-01-22
20501,2010-01-22
32498,2010-01-22
8265,2010-01-22
57147,2010-01-22
1252,2010-01-15
17522,2010-01-15
34705,2010-01-15
22977,2010-01-08
28536,2009-12-18
26348,2009-12-18
26820,2009-12-18
32276,2009-12-18
1006,2009-12-18
32167,2009-12-18
58315,2009-12-18
4731,2009-12-11
58399,2009-12-11
22846,2009-12-11
32583,2009-12-04
10440,2009-12-04
29776,2009-12-04
12080,2009-12-04
26290,2009-12-04
34663,2009-12-04
58016,2009-11-20
57914,2009-11-13
22427,2009-11-13
32267,2009-11-13
32469,2009-11-06
19450,2009-11-06
35074,2009-11-06
30329,2009-11-06
22286,2009-11-06
18776,2009-10-30
33782,2009-10-30
25222,2009-10-30
11677,2009-10-30
30006,2009-10-30
34659,2009-10-30
23594,2009-10-30
35291,2009-10-30
32218,2009-10-30
35038,2009-10-23
57525,2009-10-23
18321,2009-10-23
35044,2009-10-23
58336,2009-10-23
57794,2009-10-23
57959,2009-10-23
23266,2009-10-16
57263,2009-10-02
11416,2009-10-02
34824,2009-10-02
57151,2009-09-25
57068,2009-09-18
10100,2009-09-18
22868,2009-09-11
57736,2009-09-11
13693,2009-09-11
34875,2009-09-04
35030,2009-09-04
27732,2009-09-04
20203,2009-09-04
25231,2009-09-04
27197,2009-08-28
1909,2009-08-28
28312,2009-08-28
32618,2009-08-21
22130,2009-08-21
57702,2009-08-21
34682,2009-08-21
34043,2009-08-14
57645,2009-08-14
34485,2009-08-14
9609,2009-08-14
31559,2009-08-14
23268,2009-08-07
27183,2009-08-07
27364,2009-08-07
18659,2009-07-31
34270,2009-07-31
32288,2009-07-31
57604,2009-07-31
9873,2009-07-31
8486,2009-07-24
27048,2009-07-24
27367,2009-07-24
57105,2009-07-24
57430,2009-07-24
57346,2009-07-24
58065,2009-07-24
34341,2009-07-17
23556,2009-07-17
34103,2009-07-17
34594,2009-07-17
22754,2009-07-10
18390,2009-07-02
57667,2009-07-02
3644,2009-07-02
9262,2009-07-02
15302,2009-07-02
11710,2009-07-02
12093,2009-07-02
57332,2009-06-26
57893,2009-06-26
9744,2009-06-26
35285,2009-06-26
57436,2009-06-26
4614,2009-06-19
27837,2009-06-19
35251,2009-06-19
17309,2009-06-05
5757,2009-05-22
35175,2009-05-22
32247,2009-05-21
34843,2009-05-08
35461,2009-05-01
57563,2009-05-01
26535,2009-05-01
34396,2009-04-24
32069,2009-04-24
34369,2009-04-24
57943,2009-04-24
33824,2009-04-17
8266,2009-04-17
34881,2009-04-10
34639,2009-04-10
22238,2009-03-27
4754,2009-03-20
18896,2009-03-20
18243,2009-03-20
57558,2009-03-06
34820,2009-02-27
20078,2009-02-27
35399,2009-02-20
57342,2009-02-13
16500,2009-02-13
34563,2009-02-13
5431,2009-02-13
22574,2009-02-06
23124,2009-02-06
57017,2009-02-06
26538,2009-01-30
30763,2009-01-30
58001,2009-01-30
33025,2009-01-23
34959,2009-01-16
19733,2009-01-16
11568,2008-12-12
35379,2008-12-12
34301,2008-12-05
28344,2008-11-21
30968,2008-11-21
16490,2008-11-21
23595,2008-11-07
26870,2008-11-07
57930,2008-10-31
58241,2008-10-24
13789,2008-10-10
57654,2008-10-10
32633,2008-09-25
6782,2008-09-19
34194,2008-09-05
35469,2008-08-29
22728,2008-08-22
57523,2008-08-01
57961,2008-07-25
27011,2008-07-25
29730,2008-07-11
12736,2008-05-30
33901,2008-05-09
1971,2008-03-07
24660,2008-01-25
16848,2007-10-04
32575,2007-09-28
35353,2007-02-02
1249,2004-06-25
26778,2004-03-19
26838,2004-03-12
31330,2004-02-14
27203,2003-11-14
11639,2003-05-09
27094,2003-02-07
16445,2002-12-17
9961,2002-11-08
33784,2002-09-30
29355,2002-06-27
19183,2002-06-26
34979,2002-03-28
26652,2002-03-01
22314,2002-02-07
8966,2002-02-01
22002,2002-01-18
24382,2002-01-11
34248,2001-09-07
32646,2001-07-27
6629,2001-05-03
34264,2001-02-02
3815,2000-12-14
21029,2000-10-13
